Name;Address;Phone;Category
Aandrijvingen Gallon;Kruisboommolenstraat 11, 8800 Roeselare;051 20 06 02;Aandrijvingen
Deverol;Puttensdreef 24, 8740 Pittem;051 40 32 53;Aandrijvingen
Leurs Electro Bobinage;Grote Baan 323, 3530 Houthalen-Helchteren;011 52 14 23;Aandrijvingen
EMR;Voorhavenlaan 22B, 9000 Gent;09 251 59 56;Aandrijvingen
Aandrijvingen Stoffels;Leemstraat 17, 2960 Sint-Lenaarts;03 313 04 16;Aandrijvingen
Esco Drives;Culliganlaan 3, 1831 Diegem;02 717 64 60;Aandrijvingen
Amr;Kolmenstraat 1138, 3570 Alken;011 31 19 88;Aandrijvingen
Elerep;Lammerdries 3, 2440 Geel;014 58 89 61;Aandrijvingen
M.T.I.-Firma Martin;Mandelstraat 74, 8870 Izegem;051 33 19 40;Aandrijvingen
Bege Aandrijftechniek;Puttestraat 73, 2940 Stabroek;03 605 16 05;Aandrijvingen
Petre Ed;Ninoofsesteenweg 51, 1080 Sint-Jans-Molenbeek;02 410 29 30;Aandrijvingen
Van de Velde Engineering;Schoolstraat 16, 9270 Laarne;09 369 21 61;Aandrijvingen
hupperdepup;Kleindokkaai 3-5, 9000 Gent;010 34 53 45;Aandrijvingen
Beecka Zink;Klokkestraat 35, 8700 Schuiferskapelle;051 62 07 25;Aandrijvingen
M.G.H.;Rittwegerlaan 2B, 1830 Machelen;02 753 00 40;Aandrijvingen
Callens Herve;Franklin Rooseveltlaan 45, 8790 Waregem;056 60 11 74;Aandrijvingen
SEW Euro Drive;Evenementenlaan 7, 3001 Heverlee;016 38 63 11;Aandrijvingen
Nexen Europe Group;Koningin Astridlaan 59 12, 1780 Wemmel;02 461 02 60;Aandrijvingen
Tiebotec;Kerremansstraat 35, 2840 Rumst;0473 52 30 33;Aandrijvingen
Grimonprez Transmission Gears;Theodor Klüberstraat 7, 7711 Dottenijs;056 33 30 32;Aandrijvingen
Twin Disc International;Chaussée de Namur 54, 1400 Nijvel;067 88 72 11;Aandrijvingen
De Decker A;Avenue Ernest Solvay 48, 1480 Sint-Renelde;02 355 10 70;Aandrijvingen
Kit Cross;Rue de Fosses 56, 6250 Presles;071 39 72 55;Aandrijvingen
Act in Time;Rue du Valcq 47, 1420 Eigenbrakel;02 366 06 06;Aandrijvingen
Ateliers P Sauvage;Haut de Trème 6, 4801 Stembert;087 31 22 77;Aandrijvingen
Fly Print;Rue de Berloz 69C, 4250 Boëlhe;0475 46 89 18;Aandrijvingen
Industrial Products;Ruisbroekse Steenweg 117, 1190 Vorst;02 332 12 45;Aandrijvingen
Dassy Georges & Fils;Rue Henri Blès 78, 5000 Namen;081 73 69 09;Aandrijvingen
New Doaba;Liersesteenweg 188, 3130 Begijnendijk;016 44 64 80;Aandrijvingen
Wyko Aandrijvingen;Koralenhoeve 8F, 2160 Wommelgem;03 355 55 55;Aandrijvingen
Linak actuator-systems;Nijverheidsweg 1A, 9820 Merelbeke;09 230 01 09;Aandrijvingen
A.K.N.;Steenweg op Gierle 339/H, 2300 Turnhout;014 40 90 30;Aandrijvingen
Atys Drive Systems;Lembergsesteenweg 26, 9820 Merelbeke;09 230 11 57;Aandrijvingen
Acupunctuur Delen Sonia;Taboralaan 19, 3140 Keerbergen;015 23 40 45;Acupunctuur
Acupunctuur Lee;Hofstede 55, 2400 Mol;014 70 68 28;Acupunctuur
Van der Biest Harald;Jozef Buyssestraat 29, 9230 Wetteren;0485 38 00 33;Acupunctuur
Groep Lowette;Terwouwenstraat 12, 3800 Zepperen;011 68 70 11;Acupunctuur
Decrop Els;Berlaarbaan 206, 2860 Sint-Katelijne-Waver;015 55 86 87;Acupunctuur
Stieven Galle;Brandstraat 98, 9870 Zulte;0479 50 95 71;Acupunctuur
Acupunctuur en massagekliniek;Marie Popelinplantsoen 1/0001, 8000 Brugge;0488 41 99 94;Acupunctuur
Groep Lowette;Luikersteenweg 12/1, 3800 Sint-Truiden;011 68 70 11;Acupunctuur
Tao's Acupuncture;Van Wesenbekestraat 36, 2000 Antwerpen;03 227 28 23;Acupunctuur
Acupunctuur Edwina Mariën;Jan Baptist Verlooystraat 3, 2020 Antwerpen;0477 74 70 56;Acupunctuur
Sven Steyt Acupunctuur;Tuinstraat 14, 8560 Wevelgem;056 32 64 33;Acupunctuur
Julie De Maeyer;Kartuizersvest 17, 2500 Lier;0474 06 04 30;Acupunctuur
Dirk Vanneste Acupunctuur;Korteweg 5, 8560 Wevelgem;056 41 91 48;Acupunctuur
Acupunctuur Marie Quy Qi Health;Berchemweg 170/1, 9700 Oudenaarde;0487 414 515;Acupunctuur
Bruwaert Pat;Zeepannelaan 3 bus 0402, 8670 Koksijde;058 51 52 66;Acupunctuur
Acupunctuur Marie Quy;Stationsstraat 106, 9690 Kluisbergen;0487 41 45 15;Acupunctuur
Borms Chrisje;Doorn 6B, 9150 Kruibeke;03 899 51 91;Acupunctuur
Acupunctuur;Broekstraat 218, 9700 Oudenaarde;055 45 61 20;Acupunctuur
Alexis Herremans;Hoeilaartsesteenweg 416, 3090 Overijse;0474 34 30 00;Acupunctuur
Acupunctuur Dirk Vandeweyer;Leuvensesteenweg 765, 2812 Muizen;0475 55 86 88;Acupunctuur
Acupunctuurpraktijk De Smedt;Linthout 3, 9300 Aalst;053 70 01 34;Acupunctuur
Tao's Acupuncture;Bergstraat 43, 1000 Brussel;02 512 01 68;Acupunctuur
Acupunctuur Edwina Mariën;Hofstraat 14, 2500 Lier;0477 74 70 56;Acupunctuur
Peters José;Charles Woestelaan 171, 1090 Jette;02 427 46 69;Acupunctuur
Acupunctuur Osteopathie;Rumbeeksesteenweg 315, 8800 Roeselare;051 24 01 59;Acupunctuur
Medi-Chine;Chaussée de Bruxelles 233-235, 1410 Waterloo;02 351 48 88;Acupunctuur
Acupuncture Massage Therapy;Bosstraat 290, 1150 Sint-Pieters-Woluwe;02 772 57 92;Acupunctuur
Acupunctuur Dirk Vandeweyer;Duffelshoek 124, 2550 Kontich;0475 55 86 88;Acupunctuur
Mediclin;Albert Allemanstraat 4, 8800 Rumbeke;0499 72 84 05;Acupunctuur
Lecompte Sofie;Witherendreef 56, 3090 Overijse;02 657 17 43;Acupunctuur
Ollevier Joël;Rue de la Paroche 10, 1450 Chastre-Villeroux-Blanmont;0498 18 59 09;Acupunctuur
Ginion C;Brand Whitlocklaan 155, 1200 Sint-Lambrechts-Woluwe;0495 10 02 85;Acupunctuur
Santé au Naturel;Rue du Pachis Wiaux 26, 6200 Châtelet;0496 16 69 97;Acupunctuur
Shanghai Acupuncture;Louizalaan 391, 1050 Elsene;02 646 64 01;Acupunctuur
Steenbeke D;Rue Albert Ier 41/12, 4470 Saint-Georges-sur-Meuse;0475 42 22 28;Acupunctuur
Laval Bernard;Grand'rue 25, 4560 Ocquier;0475 97 15 90;Acupunctuur
Di Giosue Laetitia;Jonruelle 46, 4000 Luik;0497 84 77 75;Acupunctuur
Vercaemer Lieve;Rekhof 33, 8970 Poperinge;057 33 79 40;Acupunctuur
Faes M;Prinsenlaan 33, 8400 Oostende;059 70 23 22;Acupunctuur
Heindryckx;Emiel Hertecantlaan 19C, 9290 Berlare;052 42 33 16;Acupunctuur
Bursens P;Gentsesteenweg 10, 9200 Dendermonde;052 21 58 90;Acupunctuur
Centrum voor Acupunctuur;Massemsesteenweg 327, 9230 Wetteren;09 369 80 69;Acupunctuur
Lybaert Sabine;Jacob Van Maerlantstraat 6, 9240 Zele;null;Acupunctuur
Praktijk voor Acupunctuur;Streekbaan 199A Bus 4, 1800 Vilvoorde;0473 63 84 82;Acupunctuur
Machtelinckx Vera;Tervuursesteenweg 461, 1980 Zemst;015 33 14 84;Acupunctuur
Eric Mercelis;Ter Rivierenlaan 99, 2100 Deurne;03 272 04 07;Acupunctuur
Bourgois Marijke;Tuinstraat 14, 8560 Wevelgem;056 32 64 33;Acupunctuur
Sofie De Sloovere;Boudewijnlaan 114, 9300 Aalst;053 78 16 06;Acupunctuur
Shenmen;Van Hovestraat 28, 2100 Deurne;03 293 53 71;Acupunctuur
Voeten S;Dorpsstraat 52, 3730 Hoeselt;089 50 43 95;Acupunctuur
Bracke S-A;Julius De Geyterstraat 80, 2660 Hoboken;null;Acupunctuur
Duchesne H;Koolsveldlaan 12, 2110 Wijnegem;03 354 49 90;Acupunctuur
Jepa Aanhangwagens;Kukkelbosstraat 104, 3590 Diepenbeek;011 32 28 81;Aanhangwagens
Cop Stefaan;Oostmalsebaan 65, 2275 Wechelderzande;03 312 41 99;Aanhangwagens
Schepens L;Slachterijstraat 8, 2260 Westerlo;0470 97 30 58;Aanhangwagens
A.T.S.;Industrielaan 33, 9320 Erembodegem;053 66 50 11;Aanhangwagens
HRG;Industrieweg 26, 3840 Borgloon;0494 37 22 03;Aanhangwagens
Intertrailer;'s Gravenstraat 197, 9810 Nazareth;0475 28 22 13;Aanhangwagens
Aanhangwagens Eddy;Nieuwe Erven 40, 3583 Paal;011 42 82 94;Aanhangwagens
Aanhangwagens Minnen A;Leliestraat 8, 2480 Dessel;014 37 94 21;Aanhangwagens
PTS;Luikersteenweg 278A, 3800 Brustem;011 69 53 53;Aanhangwagens
Cleemput Basiel;Scheldestraat 60, 9240 Zele;052 45 16 06;Aanhangwagens
Geert Van Hove;Fabriekstraat 124, 9120 Kallo;0486 53 95 29;Aanhangwagens
JCS aanhangwagens;Roeselaarseweg 8, 8820 Torhout;0495 31 56 41;Aanhangwagens
Remorx;Stationsstraat 7C, 3380 Glabbeek-Zuurbemde;016 77 73 37;Aanhangwagens
Palmaers Park & Tuin;Hasseltsestraat 6, 3740 Bilzen;089 75 79 98;Aanhangwagens
JS Trailers;Gaversesteenweg 687, 9820 Melsen;09 362 65 61;Aanhangwagens
Deckx;Zanddijk 35a, 2480 Dessel;014 37 36 67;Aanhangwagens
Hoewaer;Naamsesteenweg 448, 3800 Kerkom-bij-Sint-Truiden;null;Aanhangwagens
Aanhangwagens Louben;Autolei 288, 2160 Wommelgem;03 321 08 12;Aanhangwagens
Auman Dirk;Gentse Steenweg 203, 9160 Lokeren;09 349 38 82;Aanhangwagens
Aanhangwagens Jek;Diestsestraat 56, 3470 Kortenaken;011 58 88 88;Aanhangwagens
Accu & Co;Kattestraat 24A, 3270 Scherpenheuvel-Zichem;013 78 11 29;Aanhangwagens
De Ryck;Liersesteenweg 143B, 2220 Heist-op-den-Berg;015 24 03 76;Aanhangwagens
Azelhof Horse Events;Aarschotsesteenweg 201, 2500 Koningshooikt;0475 87 61 78;Aanhangwagens
Demeulenaere Jim;Schardouwstraat 2, 8870 Izegem;0472 63 20 90;Aanhangwagens
Aanhangwagens Cuypers;Hulsterweg 11, 3980 Tessenderlo;013 66 72 60;Aanhangwagens
Hansco Verhuur & Verkoop;Langemunt 82, 9850 Vosselare;09 371 96 39;Aanhangwagens
Vermeir Aanhangwagens;Aarschotsesteenweg 355, 3111 Wezemaal;016 58 17 71;Aanhangwagens
Delvan aanhangwagens;Brusselsesteenweg 220, 1785 Brussegem;0494 31 07 95;Aanhangwagens
Pattyn Luc;Industriestraat 5, 8920 Langemark;0496 14 62 07;Aanhangwagens
Apok;Laconiastraat 8, 8000 Brugge;050 45 00 50;Aanhangwagens
Constructie Vergauwe-Minitrailer;Vliegveld 19, 8560 Wevelgem;056 42 02 30;Aanhangwagens
Campoo;Aalterweg 14, 9880 Aalter;09 374 19 92;Aanhangwagens
Van Geel;Ambachtsstraat 5, 2390 Westmalle;03 313 00 32;Aanhangwagens
Mathieu Kerckhofs Trailers;Herenstraat 41, 3960 Bree;089 46 16 52;Aanhangwagens
BCW Aanhangwagens;Hellegatstraat 14, 2590 Berlaar;03 482 17 79;Aanhangwagens
Syma;Hendrik Heymanstraat 7, 3920 Lommel;011 55 34 02;Aanhangwagens
Edma Industrie;H. Hartlaan 32, 3980 Tessenderlo;013 66 31 34;Aanhangwagens
Alkoko;Pachtgoedstraat 5, 9100 Sint-Niklaas;03 760 15 00;Aanhangwagens
KSA-Solutions;Geneinde 45, 2260 Westerlo;014 72 88 42;Aanhangwagens
Lenaers Aanhangwagens;Industriepark 12b A3, 2235 Hulshout;014 54 75 03;Aanhangwagens
Maillard G;Lenniksesteenweg 552, 1500 Halle;02 356 14 48;Aanhangwagens
Aanhangercentrale De Schepper BVBA;Monnikenwerve 195, 8000 Brugge;050 31 28 64;Aanhangwagens
Aanhangwagencentrale;Schotelven 6, 2370 Arendonk;014 67 01 09;Aanhangwagens
Helpo Aanhangwagens;Stuifzandstraat 57, 3900 Overpelt;011 44 61 14;Aanhangwagens
Aanhangwagens Stock;Zandvoordestraat 505, 8400 Oostende;059 23 98 87;Aanhangwagens
T.R.L.;Ambachtsstraat 28, 2390 Westmalle;03 309 04 40;Aanhangwagens
Aanhangwagencentrale Vandamme Johan;Industriestraat 60, 8480 Ichtegem;051 58 26 38;Aanhangwagens
Baetens Aanhangwagens;Geraardsbergsesteenweg 81, 9090 Gontrode;09 252 34 73;Aanhangwagens
Tack Aanhangwagens;Neringenstraat 46, 8700 Aarsele;051 63 31 44;Aanhangwagens
Craps F;Leuvensebaan 75, 3040 Ottenburg;016 47 25 02;Aanhangwagens
Trailer verhuur België;Vosseschijnstraat 198, 2030 Antwerpen;03 542 52 52;Aanhangwagens
Jonas Bogaert;Hondelee, 9052 Zwijnaarde;0471 13 20 81;Aanhangwagens
G.T.M. Belgium;Treurenborg 11, 2000 Antwerpen;03 541 50 19;Aanhangwagens
Eco-Rent;Fabriekstraat 99, 3950 Bocholt;0476 26 42 44;Aanhangwagens
ROCA aanhangwagens;Conterscherp 33, 2040 Zandvliet;0473 19 34 53;Aanhangwagens
Vastmans;Weertersteenweg 97, 3680 Maaseik;089 56 21 21;Aanhangwagens
Taveirne Mobil;Biebuyckstraat 15C, 9850 Nevele;0472 70 51 56;Aanhangwagens
Van Wallendael;Peepolderlaan 9, 2910 Essen;03 667 79 21;Aanhangwagens
Cuyle Werkhuizen;Wielsbeeksestraat 73A, 8710 Ooigem;056 66 61 15;Aanhangwagens
Vreys Christiane;Tessenderloseweg 151, 2431 Veerle;null;Aanhangwagens
Classic Car Replicas;Vroegeinde 1, 2243 Pulle;0494 76 06 84;Aanhangwagens
TwoPence;Mechelsesteenweg 297/E, 2550 Kontich;03 888 08 35;Aanhangwagens
Publi-trailer.be;Beerveldestraat 23, 9160 Lokeren;09 349 51 37;Aanhangwagens
Remorques Wanlin;Rue Saint-Hubert 17, 6851 Nollevaux;061 53 40 09;Aanhangwagens
V.S.C.;Moleneinde 37, 2290 Vorselaar;0473 21 49 00;Aanhangwagens
Gheysen & Verpoort;Moeskroenstraat 624, 8930 Menen;056 41 39 45;Aanhangwagens
Remorques Deckers;Quai du Roi-Albert 40, 4020 Bressoux;04 341 21 55;Aanhangwagens
Balterio Dealer;Rembert Dodoensstraat 37, 3920 Lommel;011 94 81 76;Aanhangwagens
P & M Aanhangwagens;Voorhout 83, 9190 Kemzeke;0495 50 09 55;Aanhangwagens
A.P.S.;Oudenaardsestraat 78, 9660 Zegelsem;0486 288 968;Aanhangwagens
Aanhangwagens Ronny;Hombeeksesteenweg 201, 2800 Mechelen;0486 93 65 28;Aanhangwagens
Blue Pacific;Koning Ridderdijk 15/1, 8434 Westende;null;Aanhangwagens
OVR;Olieberg 27, 8552 Moen;0477 37 38 12;Aanhangwagens
's Heeren Frederic;Rue de la Râperie 19, 4280 Lens-Saint-Remy;019 69 71 92;Aanhangwagens
Caravane Occasion;Rue Olivier-Benne 17, 1357 Opheylissem;019 65 67 50;Aanhangwagens
Securex;Verenigde-Natieslaan 1, 9000 Gent;09 235 62 11;Administratiekantoren
Securex;Beverestraat 45, 9700 Oudenaarde;055 33 39 11;Administratiekantoren
Securex;Ardooisesteenweg 115A, 8800 Roeselare;051 26 19 20;Administratiekantoren
Officenter;Ninovesteenweg 198, 9300 Aalst;053 73 18 11;Administratiekantoren
Securex;Conservatoriumplein 21, 8500 Kortrijk;056 23 68 11;Administratiekantoren
Securex;Brouwerijstraat 1, 9031 Drongen;09 235 62 11;Administratiekantoren
Securex;Schaliënhoevedreef 20D, 2800 Mechelen;015 29 48 90;Administratiekantoren
Securex;Hendrik Heymanplein 150, 9100 Sint-Niklaas;03 778 78 11;Administratiekantoren
Securex;Jan van Gentstraat 3, 2000 Antwerpen;03 201 36 36;Administratiekantoren
Securex;Prins-Bisschopssingel 36, 3500 Hasselt;011 29 12 21;Administratiekantoren
Securex;Krakeleweg 39, 8000 Brugge;050 45 67 10;Administratiekantoren
Securex;Zeelaan 148, 8670 Koksijde;058 53 29 29;Administratiekantoren
Outcome;Leuvensesteenweg 248D, 1800 Vilvoorde;02 752 17 60;Administratiekantoren
Belastingparticulier;Kolonie 145a, 3920 Lommel;011 61 12 90;Administratiekantoren
Securex;Sint Michielswarande 30, 1040 Etterbeek;02 729 92 11;Administratiekantoren
Mi Services;Slootvenstraat 17, 3920 Lommel;011 72 36 72;Administratiekantoren
Chummy;Prins Boudewijnlaan 41E, 2970 Schilde;03 293 63 41;Administratiekantoren
IDOLA Business center;Antwerpse Steenweg 19, 9080 Lochristi;09 330 20 20;Administratiekantoren
Securex;Tiensevest 58, 3000 Leuven;016 38 86 11;Administratiekantoren
Securex;Avenue de la Closeraie 2-16, 4000 Rocourt;04 225 88 11;Administratiekantoren
Allfisk;Van Haveskerckelaan 11, 8750 Wingene;051 69 60 62;Administratiekantoren
Warnitz Erik;Spoorwegstraat 25, 3740 Beverst;089 51 54 97;Administratiekantoren
Gevimar;Ruitersweg 76, 8520 Kuurne;056 37 13 51;Administratiekantoren
Administratiekantoor Inge Moeraert;Zandwaver 5, 2440 Geel;0478 43 83 87;Administratiekantoren
EXCS;Winkelstap 25, 2900 Schoten;03 645 14 61;Administratiekantoren
FLeur;Dassenstraat 4, 2440 Geel;014 85 20 66;Administratiekantoren
Administratie- en Sociaal Kantoor De Rijck;Westermoer 26, 2160 Wommelgem;03 354 40 95;Administratiekantoren
Papperas;Koksijdesteenweg 74, 8670 Koksijde;058 62 68 18;Administratiekantoren
Adminisa;Pontstraat 48, 8551 Heestert;0485 17 58 08;Administratiekantoren
Groupe Lifap-Cofisim Fiduciaire;Keizer Karelstraat 25, 7700 Moeskroen;056 48 19 00;Administratiekantoren
Securex;Tervurenlaan 43, 1040 Etterbeek;02 729 92 11;Administratiekantoren
Zakenkantoor Van Parys;Olsensesteenweg 1A, 9770 Kruishoutem;09 383 75 48;Administratiekantoren
Extra Paar Handen;Jacob Lacopsstraat 35, 9700 Oudenaarde;0476 97 60 54;Administratiekantoren
Securex;Rue de Herbesthal 325, 4700 Eupen;087 59 87 00;Administratiekantoren
Securex;Rue Santos - Dumont 5, 6041 Gosselies;071 23 11 11;Administratiekantoren
G.P. Consult - Confiscom;Rue Joseph Servais 91, 4430 Ans;04 232 03 58;Administratiekantoren
A.B.F.;Kloosterbeek 5, 1730 Mollem;02 452 82 92;Administratiekantoren
L & W Consult;Groene Laan 74/1, 2830 Willebroek;0495 18 11 51;Administratiekantoren
Van Der Voorde & Co;Dorp 2, 1750 Sint-Martens-Lennik;02 532 44 45;Administratiekantoren
Trans M B;Pittemstraat 153, 8760 Meulebeke;0496 16 35 56;Administratiekantoren
Securex;Avenue Prince de Liège 95-99, 5100 Jambes;081 32 31 11;Administratiekantoren
Imas Fiducières;Terbekehofdreef 24, 2610 Wilrijk;03 870 43 40;Administratiekantoren
Accountant & Tax Adviser;Steenweg op Merchtem 54, 1780 Wemmel;02 460 63 64;Administratiekantoren
Belgofisc;Rue de la Liberté 39, 4000 Luik;04 221 29 69;Administratiekantoren
Eneman;Torhoutse Steenweg 344 1, 8200 Sint-Michiels;050 33 94 26;Administratiekantoren
KVB Admin;Brechtsesteenweg 44, 2390 Westmalle;0495 22 09 72;Administratiekantoren
Lyvema;Peerdsmeer 13, 3600 Genk;089 24 73 53;Administratiekantoren
VM Typewerk;Moeskroenstraat 730/010, 8930 Rekkem;056 53 00 62;Administratiekantoren
B.C.G.;Parc de la Gotte 56, 4550 Nandrin;04 372 01 19;Administratiekantoren
Fiduciaire des Classes Moyennes;Herzieningslaan 24/13, 1070 Anderlecht;02 522 92 57;Administratiekantoren
Prolifisc;Rue Joseph Servais 91, 4430 Ans;04 263 75 75;Administratiekantoren
Securex;Boulevard André Delvaux 3, 7000 Bergen;065 41 28 11;Administratiekantoren
Fiduciaires Ass Deneef & Lecomte;Rue Grande 62B, 7330 Saint-Ghislain;065 52 96 60;Administratiekantoren
Numeris;Parc Industriel 4, 4400 Ivoz-Ramet;04 337 58 00;Administratiekantoren
Securex;Rue de la Station 8/31, 4800 Verviers;087 30 79 40;Administratiekantoren
AMC Sofisc;Large Voie 112, 4040 Herstal;04 248 27 55;Administratiekantoren
Cabinet d'Expertise Comptable & de Conseils;Rue Baltus 59, 4420 Saint-Nicolas;04 229 32 55;Administratiekantoren
Business Consulting Network;Rue de Fauconval 157, 1367 Huppaye;010 81 08 99;Administratiekantoren
Florkin C;Rue Jean Jaurès 45A, 4420 Montegnée;04 246 14 00;Administratiekantoren
Sofido 2;Edmond Picardstraat 22, 1050 Elsene;02 333 38 70;Administratiekantoren
Administratie uit Handen;Blauwbrugstraat 113, 2845 Niel;0477 43 87 16;Administratiekantoren
BVM;Herendal 145/11, 1150 Sint-Pieters-Woluwe;02 771 55 55;Administratiekantoren
Corman I;Wayai 51, 4845 Sart-lez-Spa;087 47 51 41;Administratiekantoren
Securex;Avenue de Troyes 2/1, 7500 Doornik;069 68 47 11;Administratiekantoren
Vontor;Willem Rosierstraat 37, 2800 Mechelen;015 41 94 75;Administratiekantoren
Auto-Mate;Essestraat 62, 8810 Lichtervelde;0479 33 71 71;Administratiekantoren
CITCO Belgium;Louizalaan 331-333, 1050 Elsene;02 642 86 00;Administratiekantoren
Infitarif;Rue des Grands-Prés 33, 4032 Chênée;04 263 55 15;Administratiekantoren
Securex;Traverse d'Esope 6, 1348 Louvain-la-Neuve;010 23 98 11;Administratiekantoren
Condata;Vorstlaan 145, 1160 Oudergem;0472 35 16 18;Administratiekantoren
D'Ortona Tiziana;Rue du Sartia 164, 5070 Sart-Eustache;0479 87 72 93;Administratiekantoren
Dumont Patricia & Fils;Rue du Sart-Hulet 51, 5100 Jambes;0476 25 88 63;Administratiekantoren
Pme Consult;Rue de l'Ecureuil 76, 4100 Seraing;04 330 19 80;Administratiekantoren
Trustconsult Belgium;Majoor Pétillonstraat 72, 1040 Etterbeek;02 736 34 26;Administratiekantoren
Fiduciaire Makoudi;Georges Moreaustraat 35, 1070 Anderlecht;02 410 62 93;Administratiekantoren
Braspenning-Schrauwen;Beukendreef 2C, 2320 Hoogstraten;03 314 60 46;Aannemers
Hegrola;Industrieweg 84, 2260 Westerlo;016 55 06 50;Aannemers
Verhelst;Kragendijk 94-96, 8300 Knokke-Heist;050 60 27 28;Aannemers
Geeroms Wegenbouw;Brusselsestraat 88, 1840 Londerzeel;052 30 27 63;Aannemers
MaxiCool Belgie;De Warande 91, 3945 Ham;0475 89 83 92;Aannemers
J.D.;Korte Gasthuisstraat 19, 2300 Turnhout;014 42 35 69;Aannemers
Jonkmans - Machiels & zoon;Stationsstraat 23, 3590 Diepenbeek;011 32 30 49;Aannemers
Demaecker-Sys;Oostendse Steenweg 249, 8000 Brugge;0474 45 74 71;Aannemers
Durezza;Rysseveldstraat 41, 8840 Staden;051 70 08 30;Aannemers
Muylaert W & Co;Brusselbaan 265, 9320 Erembodegem;053 28 02 67;Aannemers
De Groene Baksteen;Rubensstraat 36, 2640 Mortsel;03 449 59 35;Aannemers
Habemo;Vennekeslaan 7, 3665 As;089 65 76 80;Aannemers
Dakwerken Van Den Driessche Peter;Lindenstraat 99, 9300 Aalst;0472 78 67 92;Aannemers
Vanraes;Menenstraat 108, 8940 Geluwe;056 51 97 24;Aannemers
Noordbouw;Geelseweg 21, 2200 Herentals;014 21 47 46;Aannemers
Romain Beck;Koolputstraat 62, 9120 Melsele;03 775 46 84;Aannemers
R. Daisomont;Smallandlaan 4-6, 2660 Hoboken;03 887 12 65;Aannemers
At 1 Place;Turnhoutsebaan 108, 2100 Deurne;03 325 65 95;Aannemers
Frans Jules;Vaatjesstraat 14, 2580 Putte;015 75 58 07;Aannemers
Rapid Road;Tontestraat 2, 8510 Kooigem;0475 68 87 19;Aannemers
De Vlieger Kurt;Hoogte 16, 9910 Knesselare;09 375 18 43;Aannemers
Bouwonderneming Janssens Jos;Dijk 92, 2860 Sint-Katelijne-Waver;015 75 31 16;Aannemers
Vanhaerents;Oude Gentweg 81, 8820 Torhout;050 21 50 21;Aannemers
ATF;Putsebaan 5, 2040 Zandvliet;03 568 69 49;Aannemers
RG Bouwmachines;Liersebaan 206, 2240 Massenhoven;03 485 50 35;Aannemers
Huysmans;Voortbeemden 5, 2400 Mol;014 31 26 53;Aannemers
De Plus Jurgen;Berchemweg 177, 9700 Oudenaarde;054 25 10 45;Aannemers
Goderis & Zoon;Rondehuisjesdreef 14, 9031 Drongen;0486 96 12 62;Aannemers
Metaalbouw Kerckaert Geert;Morellestraat 1, 8750 Wingene;051 65 56 43;Aannemers
Desmet Johan;Volderstraat 28, 8720 Oeselgem;09 388 77 76;Aannemers
Meurrens Machinery;Dellestraat 14, 3560 Lummen;013 53 94 00;Aannemers
NV Moerman Natuursteen;Olmendreef 8, 9290 Berlare;09 367 54 11;Aannemers
Piet Naeyaert;Brugstraat 162, 9880 Aalter;09 374 73 11;Aannemers
Hydro Jet;Robert Schumanlaan 2, 1860 Meise;02 269 33 53;Aannemers
Carton Freddy;Bootweg 12, 8940 Wervik;056 31 15 35;Aannemers
HST;Industrieweg 43, 3980 Tessenderlo;013 67 61 67;Aannemers
Bouwonderneming Lemahieu;Kemmelstraat 22, 8956 Kemmel;057 20 67 68;Aannemers
Toratrack;Tiensesteenweg 240, 3800 Sint-Truiden;011 68 78 65;Aannemers
Bouwprojekt;Krommebeekstraat 32, 8930 Menen;056 41 19 90;Aannemers
B&B Metaalconstructies & Industriebouw;Haltstraat 84, 3900 Overpelt;011 80 33 36;Aannemers
Interbuild;Heistraat 129, 2610 Wilrijk;03 820 64 64;Aannemers
Franklin De Mulder;Kruishoutemstraat 90, 9870 Zulte;09 380 13 71;Aannemers
JRV Construct;Minksbossenstraat 23, 2220 Heist-op-den-Berg;015 34 57 04;Aannemers
Alomelektra;Middelweg 109, 3001 Heverlee;016 98 06 38;Aannemers
Kemp;Zwaarveld 16, 9220 Hamme;052 39 92 00;Aannemers
Sordo Bouwwerken;Boombekelaan 11D, 2660 Hoboken;0483 35 98 14;Aannemers
Bouwwerken Stefan Dierckx;Molenstraat 288, 2490 Balen;014 81 73 31;Aannemers
Socogétra;Rue Joseph-Calozet 11, 6870 Awenne;084 36 62 03;Aannemers
Filip Vereecke;Westhoek 4, 9850 Landegem;09 371 86 72;Aannemers
Karwei en Renovatiewerken Stijn Bevers;Heidelaan 16, 2547 Lint;0472 41 78 37;Aannemers
Lodewijckx Johan;Vloedbeemdenstraat 5, 2490 Balen;014 82 04 38;Aannemers
Marc Vandenbogaerde;Sluizenstraat 180, 8450 Bredene;059 32 05 68;Aannemers
Goudesone Mario;Guido Gezellestraat 22, 8400 Stene;null;Aannemers
Hobeco;Sander De Vosstraat 143, 2500 Koningshooikt;03 309 96 66;Aannemers
Lagrou;Krawatenstraat 32, 3470 Kortenaken;011 58 43 20;Aannemers
Noesen;Bredastraat 153, 2000 Antwerpen;03 202 09 20;Aannemers
Voegwerken Steven Timmerman;Veldekens 17B, 9991 Adegem;0498 50 67 10;Aannemers
Voegwerken Jan Meervis;Gijmelstraat 85, 3200 Aarschot;0476 92 55 91;Aannemers
Emmers Koen Bouwwerken;Erkstraat 17/3, 3930 Hamont-Achel;0478 27 03 12;Aannemers
Plaskie Karel;Hogerheistraat 68, 1880 Kapelle-op-den-Bos;015 710 222;Aannemers
Smet Rent;Kleemstraat 21, 9111 Belsele;03 772 34 49;Aannemers
DMC;Hasseltsesteenweg 37, 3700 Tongeren;012 74 45 55;Aannemers
Geuns Patrick;Broekstraat 9A, 3530 Houthalen-Helchteren;011 60 59 11;Aannemers
Segers Renovatie;Lageweg 287, 2660 Hoboken;0499 75 42 40;Aannemers
Alg Karweiwerken VDH;Noeveren 164, 2850 Boom;0495 19 53 01;Aannemers
A.R.C.;Oudebaan 115D, 2640 Mortsel;0475 65 18 70;Aannemers
Beirnaert Filip;Hogeweg 37, 9290 Berlare;052 42 32 54;Aannemers
De Coninck;Kroonstraat 170, 3020 Herent;016 49 00 00;Aannemers
PPR-Vibed;Vondelen 52, 9450 Denderhoutem;053 83 91 44;Aannemers
Renobouw;Zuidforeest 16, 8800 Roeselare;0476 89 26 97;Aannemers
Vankeirsbilck Geert;Aspergemstraat 10, 8750 Wingene;051 61 11 15;Aannemers
Santon Gebroeders;Oude Molenstraat 75C, 9170 De Klinge;03 344 39 49;Aannemers
Vanhaverbeke Frederik;Abdijbekestraat 50, 8200 Sint-Andries;0494 40 36 27;Aannemers
VH Aannemingen;Molleree 49, 8020 Hertsberge;0468 13 11 50;Aannemers
Dewil Peter;Schelfheidestraat 23, 3850 Nieuwerkerken;0477 31 40 03;Aannemers