Name; Address; Phone
Today Is A Good Day; Mageleinstraat 11, 9000 Gent; 09 324 51 90
America Today; Voldersstraat 17, 9000 Gent; null
Adecco Hospitality & Retail; Graaf van Vlaanderenplein 20, 9000 Gent; 09 265 85 85
Today; Maenhoutstraat 73, 9830 Sint-Martens-Latem; 09 275 00 00
Today Cv; Kerkstraat 56, 9900 Eeklo; 09 378 68 83
Today; Gustaaf Schockaertstraat 2, 9620 Zottegem; 09 275 00 00
America Today; Kapelstraat 100, 9100 Sint-Niklaas; 03 777 52 96
Adecco Retail; Smedenstraat 57, 8000 Brugge; 050 61 68 94
America Today; Steenpoort 2, 8500 Kortrijk; 056 20 18 79
Thomas Retail; Meensesteenweg 449, 8501 Bissegem; 058 62 47 16
America Today; Lippenslaan 267-269, 8300 Knokke; 050 62 51 16
Retail Office; Fotografielaan 41-45, 2610 Wilrijk; 03 899 51 26
Quadriga Car Retail; Antwerpsesteenweg 211-223, 2070 Burcht; 03 870 94 60
Phone Today; Maria-Christinastraat 211, 1020 Laken; 02 424 03 73
Vintage Today Watches; Regentschapsstraat 9, 1000 Brussel; 02 539 34 80
Today Is A Good Day; Nationalestraat 73, 2000 Antwerpen; 03 291 71 73
DG Retail; Peter Benoitstraat 7, 2018 Antwerpen; 03 283 43 33
America Today; Kipdorpvest 26-28, 2000 Antwerpen; 03 227 26 21
To Do Today Productions; Boileaulaan 16, 1040 Etterbeek; 02 732 90 00
America Today; Paul Hymanslaan 150, 1200 Sint-Lambrechts-Woluwe; 02 771 26 36
America Today; Adolf Buylstraat 44, 8400 Oostende; 059 80 40 42
America Today; Turnhoutsebaan 4, 2110 Wijnegem; null
America Today; Chauss√©e de Mons 18 A, 1400 Nijvel; 067 84 49 39
America Today; Albert I laan 269-278, 8620 Nieuwpoort; null
Adecco Retail; Bondgenotenlaan 144, 3000 Leuven; 016 20 45 44
